file_path|parent_directory|classification|confidence|top_score|runner_up_score|score_margin|matched_rule_ids|explanation|review_required|size_bytes|date|mime
./.git/COMMIT_EDITMSG|/.git|unknown / mixed|low|0|0|0||insufficient evidence: top score below minimum threshold|1|18|2026-02-08|text/plain
./.git/HEAD|/.git|unknown / mixed|low|0|0|0||insufficient evidence: top score below minimum threshold|1|21|2026-02-08|text/plain
./.git/config|/.git|unknown / mixed|low|0|0|0||insufficient evidence: top score below minimum threshold|1|335|2026-02-08|text/plain
./.git/description|/.git|unknown / mixed|low|0|0|0||insufficient evidence: top score below minimum threshold|1|73|2026-02-08|text/plain
./.git/hooks/applypatch-msg.sample|/.git/hooks|unknown / mixed|low|0|0|0||insufficient evidence: top score below minimum threshold|1|482|2026-02-08|text/plain
./.git/hooks/commit-msg.sample|/.git/hooks|unknown / mixed|low|0|0|0||insufficient evidence: top score below minimum threshold|1|900|2026-02-08|text/plain
./.git/hooks/fsmonitor-watchman.sample|/.git/hooks|unknown / mixed|low|0|0|0||insufficient evidence: top score below minimum threshold|1|4726|2026-02-08|text/x-perl
./.git/hooks/post-update.sample|/.git/hooks|unknown / mixed|low|0|0|0||insufficient evidence: top score below minimum threshold|1|193|2026-02-08|text/plain
./.git/hooks/pre-applypatch.sample|/.git/hooks|unknown / mixed|low|0|0|0||insufficient evidence: top score below minimum threshold|1|428|2026-02-08|text/plain
./.git/hooks/pre-commit.sample|/.git/hooks|unknown / mixed|low|0|0|0||insufficient evidence: top score below minimum threshold|1|1653|2026-02-08|text/plain
./.git/hooks/pre-merge-commit.sample|/.git/hooks|unknown / mixed|low|0|0|0||insufficient evidence: top score below minimum threshold|1|420|2026-02-08|text/plain
./.git/hooks/pre-push.sample|/.git/hooks|unknown / mixed|low|0|0|0||insufficient evidence: top score below minimum threshold|1|1378|2026-02-08|text/plain
./.git/hooks/pre-rebase.sample|/.git/hooks|unknown / mixed|low|0|0|0||insufficient evidence: top score below minimum threshold|1|4902|2026-02-08|text/plain
./.git/hooks/pre-receive.sample|/.git/hooks|unknown / mixed|low|0|0|0||insufficient evidence: top score below minimum threshold|1|548|2026-02-08|text/plain
./.git/hooks/prepare-commit-msg.sample|/.git/hooks|unknown / mixed|low|0|0|0||insufficient evidence: top score below minimum threshold|1|1496|2026-02-08|text/plain
./.git/hooks/push-to-checkout.sample|/.git/hooks|unknown / mixed|low|0|0|0||insufficient evidence: top score below minimum threshold|1|2787|2026-02-08|text/plain
./.git/hooks/sendemail-validate.sample|/.git/hooks|unknown / mixed|low|0|0|0||insufficient evidence: top score below minimum threshold|1|2312|2026-02-08|text/plain
./.git/hooks/update.sample|/.git/hooks|unknown / mixed|low|0|0|0||insufficient evidence: top score below minimum threshold|1|3654|2026-02-08|text/plain
./.git/index|/.git|unknown / mixed|low|0|0|0||insufficient evidence: top score below minimum threshold|1|433|2026-02-08|application/octet-stream
./.git/info/exclude|/.git/info|unknown / mixed|low|0|0|0||insufficient evidence: top score below minimum threshold|1|240|2026-02-08|text/plain
./.git/logs/HEAD|/.git/logs|unknown / mixed|low|0|0|0||insufficient evidence: top score below minimum threshold|1|539|2026-02-08|text/plain
./.git/logs/refs/heads/main|/.git/logs/refs/heads|unknown / mixed|low|0|0|0||insufficient evidence: top score below minimum threshold|1|539|2026-02-08|text/plain
./.git/logs/refs/remotes/origin/HEAD|/.git/logs/refs/remotes/origin|unknown / mixed|low|0|0|0||insufficient evidence: top score below minimum threshold|1|190|2026-02-08|text/plain
./.git/logs/refs/remotes/origin/main|/.git/logs/refs/remotes/origin|unknown / mixed|low|0|0|0||insufficient evidence: top score below minimum threshold|1|167|2026-02-08|text/plain
./.git/objects/01/90b0e2b9fe26771b2f1de001ae3a7601c250c3|/.git/objects/01|unknown / mixed|low|0|0|0||insufficient evidence: top score below minimum threshold|1|182|2026-02-08|application/zlib
./.git/objects/21/df08c5f8146c2b4967e58cee5076280251d354|/.git/objects/21|unknown / mixed|low|0|0|0||insufficient evidence: top score below minimum threshold|1|180|2026-02-08|application/zlib
./.git/objects/48/39f67ab15adad210c4aa126728e3716d8dbce5|/.git/objects/48|unknown / mixed|low|0|0|0||insufficient evidence: top score below minimum threshold|1|540|2026-02-08|application/zlib
./.git/objects/6f/a97ae6c4c81d26cd3493a60626471209d85587|/.git/objects/6f|unknown / mixed|low|0|0|0||insufficient evidence: top score below minimum threshold|1|171|2026-02-08|application/zlib
./.git/objects/87/c9ae4216f724a5634358cf262a90a90b29735c|/.git/objects/87|unknown / mixed|low|0|0|0||insufficient evidence: top score below minimum threshold|1|722|2026-02-08|application/zlib
./.git/objects/cd/ea240e3e314d7d620e5dcdf8be4140feb86938|/.git/objects/cd|unknown / mixed|low|0|0|0||insufficient evidence: top score below minimum threshold|1|885|2026-02-08|application/zlib
./.git/objects/pack/pack-69f4e030a4d85e9e56983f61d0e55bade10ee594.idx|/.git/objects/pack|unknown / mixed|low|0|0|0||insufficient evidence: top score below minimum threshold|1|1184|2026-02-08|application/octet-stream
./.git/objects/pack/pack-69f4e030a4d85e9e56983f61d0e55bade10ee594.pack|/.git/objects/pack|unknown / mixed|low|0|0|0||insufficient evidence: top score below minimum threshold|1|13196|2026-02-08|application/x-git
./.git/objects/pack/pack-69f4e030a4d85e9e56983f61d0e55bade10ee594.rev|/.git/objects/pack|unknown / mixed|low|0|0|0||insufficient evidence: top score below minimum threshold|1|68|2026-02-08|application/octet-stream
./.git/packed-refs|/.git|unknown / mixed|low|0|0|0||insufficient evidence: top score below minimum threshold|1|112|2026-02-08|text/plain
./.git/refs/heads/main|/.git/refs/heads|unknown / mixed|low|0|0|0||insufficient evidence: top score below minimum threshold|1|41|2026-02-08|text/plain
./.git/refs/remotes/origin/HEAD|/.git/refs/remotes/origin|unknown / mixed|low|0|0|0||insufficient evidence: top score below minimum threshold|1|30|2026-02-08|text/plain
./.git/refs/remotes/origin/main|/.git/refs/remotes/origin|unknown / mixed|low|0|0|0||insufficient evidence: top score below minimum threshold|1|41|2026-02-08|text/plain
./_meta/files.raw|/_meta|unknown / mixed|low|0|0|0||insufficient evidence: top score below minimum threshold|1|0|2026-02-08|text/plain
./docs/PHASE2.md|/docs|unknown / mixed|low|0|0|0||insufficient evidence: top score below minimum threshold|1|1459|2026-02-08|text/plain
